{"stats":{"minecraft:killed":{"minecraft:pig":3},"minecraft:custom":{"minecraft:time_since_rest":801,"minecraft:sprint_one_cm":37789,"minecraft:damage_taken":220,"minecraft:walk_one_cm":10506,"minecraft:mob_kills":3,"minecraft:damage_dealt":319,"minecraft:swim_one_cm":5788,"minecraft:interact_with_crafting_table":3,"minecraft:fly_one_cm":82036,"minecraft:crouch_one_cm":166,"minecraft:play_time":10423,"minecraft:deaths":1,"minecraft:sneak_time":211,"minecraft:walk_under_water_one_cm":59,"minecraft:jump":341,"minecraft:leave_game":1,"minecraft:time_since_death":843,"minecraft:walk_on_water_one_cm":925,"minecraft:total_world_time":10423,"minecraft:fall_one_cm":11467},"minecraft:mined":{"minecraft:birch_log":6,"minecraft:birch_leaves":2,"minecraft:crafting_table":2,"minecraft:grass":2,"minecraft:grass_block":1,"minecraft:dirt":1,"minecraft:tall_grass":1,"minecraft:stone":16,"minecraft:sugar_cane":8},"minecraft:used":{"minecraft:birch_planks":5,"minecraft:stone_pickaxe":8,"minecraft:wooden_pickaxe":9,"minecraft:stone_axe":4,"minecraft:dirt":2,"minecraft:cobblestone":1,"minecraft:crafting_table":2,"minecraft:porkchop":2,"tombstone:gift":1},"minecraft:picked_up":{"minecraft:birch_log":6,"minecraft:crafting_table":2,"minecraft:porkchop":7,"minecraft:dirt":2,"minecraft:sugar_cane":14,"minecraft:cobblestone":16},"minecraft:crafted":{"minecraft:crafting_table":1,"minecraft:stick":8,"minecraft:wooden_pickaxe":1,"minecraft:stone_pickaxe":1,"minecraft:birch_planks":24,"minecraft:stone_axe":1},"minecraft:killed_by":{"minecraft:enderman":1}},"DataVersion":3465}